City_ID,City,Country,Lat,Lng,Max Temp,Humidity,Cloudiness,Wind Speed,Current Description
0,Qaanaaq,GL,77.484,-69.3632,22.89,71,100,7.83,overcast clouds
1,Tasiilaq,GL,65.6145,-37.6368,41.16,73,100,2.15,overcast clouds
2,Cam Ranh,VN,11.9214,109.1591,76.96,94,40,3.44,light rain
3,Longyearbyen,SJ,78.2186,15.6401,42.64,81,75,8.05,broken clouds
4,Punta Arenas,CL,-53.15,-70.9167,44.71,49,75,21.85,broken clouds
5,New Norfolk,AU,-42.7826,147.0587,40.5,76,20,3.04,few clouds
6,Jamestown,US,42.097,-79.2353,68.72,61,1,11.01,clear sky
7,Ribeira Grande,PT,38.5167,-28.7,72.0,88,75,8.05,broken clouds
8,Fort Smith,US,35.3859,-94.3986,81.18,44,1,8.05,clear sky
9,Lavrentiya,RU,65.5833,-171.0,30.2,86,100,10.07,overcast clouds
10,Puerto Ayora,EC,-0.7393,-90.3518,71.91,83,94,10.11,overcast clouds
11,Kodiak,US,57.79,-152.4072,29.71,80,75,6.91,broken clouds
12,Vestmannaeyjar,IS,63.4427,-20.2734,41.99,81,90,16.11,overcast clouds
13,Port Alfred,ZA,-33.5906,26.891,64.89,75,98,8.55,overcast clouds
14,Edson,CA,53.5835,-116.4356,57.34,58,90,3.44,overcast clouds
15,Margate,GB,51.3813,1.3862,67.86,78,92,8.12,overcast clouds
16,Ahmadpur,IN,18.7,76.9333,72.95,94,100,5.7,heavy intensity rain
17,Jakarta,ID,-6.2146,106.8451,83.52,80,22,5.39,few clouds
18,Okhotsk,RU,59.3833,143.3,44.6,66,72,10.0,broken clouds
19,Srednekolymsk,RU,67.45,153.6833,31.1,96,100,14.07,light snow
20,Pevek,RU,69.7008,170.3133,30.43,96,100,16.8,light snow
21,Awbari,LY,26.5921,12.7805,87.06,27,0,4.92,clear sky
22,Mehamn,NO,71.0357,27.8492,44.55,81,0,2.3,clear sky
23,Rumoi,JP,43.9344,141.6428,51.55,83,47,5.32,scattered clouds
24,Torbay,CA,47.6666,-52.7314,58.28,69,75,13.8,broken clouds
25,Lagoa,PT,39.05,-27.9833,71.02,83,100,12.82,overcast clouds
26,Muisne,EC,0.6,-80.0333,77.63,81,92,8.3,overcast clouds
27,Avarua,CK,-21.2078,-159.775,77.05,73,75,12.66,broken clouds
28,Eltham,NZ,-39.4292,174.3,54.18,90,94,5.53,overcast clouds
29,Kapaa,US,22.0752,-159.319,77.32,78,75,1.01,light rain
30,Odienne,CI,9.51,-7.5692,79.93,82,100,2.95,light rain
31,Rio Gallegos,AR,-51.6226,-69.2181,50.05,32,75,17.27,broken clouds
32,Khandbari,NP,27.3747,87.2039,70.97,90,81,1.92,broken clouds
33,Guilin,CN,25.2819,110.2864,77.11,78,0,0.69,clear sky
34,Valdepenas,ES,38.7621,-3.3848,72.37,40,99,12.01,overcast clouds
35,Cape Town,ZA,-33.9258,18.4232,62.28,79,0,16.11,clear sky
36,Rikitea,PF,-23.1203,-134.9692,74.3,73,52,15.73,broken clouds
37,Naze,JP,28.3667,129.4833,77.41,85,44,8.84,scattered clouds
38,Nantucket,US,41.2835,-70.0995,75.31,83,90,6.91,overcast clouds
39,Sur,OM,22.5667,59.5289,88.14,58,68,10.22,broken clouds
40,Kaitangata,NZ,-46.2817,169.8464,37.99,86,23,8.72,few clouds
41,Barcelos,PT,41.5388,-8.6151,68.14,84,46,7.81,scattered clouds
42,Sosua,DO,19.7667,-70.5167,94.23,79,20,11.5,few clouds
43,Barrow,US,71.2906,-156.7887,24.82,80,90,4.61,overcast clouds
44,Pecos,US,31.4229,-103.4932,80.69,29,1,8.05,clear sky
45,Mataura,NZ,-46.1927,168.8643,39.47,97,78,5.06,broken clouds
46,Evensk,RU,61.95,159.2333,41.31,89,100,1.12,overcast clouds
47,Busselton,AU,-33.65,115.3333,55.04,69,94,8.5,overcast clouds
48,Bubaque,GW,11.2833,-15.8333,82.06,75,35,7.43,scattered clouds
49,Frontera,MX,26.9333,-101.45,77.95,61,51,5.97,broken clouds
50,Hermanus,ZA,-34.4187,19.2345,62.8,72,42,15.19,scattered clouds
51,Ust-Kulom,RU,61.6864,53.6902,46.71,89,100,10.8,overcast clouds
52,Saint-Pierre,RE,-21.3393,55.4781,71.28,73,20,21.85,few clouds
53,Hithadhoo,MV,-0.6,73.0833,82.62,76,84,11.41,broken clouds
54,Bredasdorp,ZA,-34.5322,20.0403,62.28,54,69,11.79,broken clouds
55,Cherskiy,RU,68.75,161.3,30.76,98,100,11.12,light snow
56,Albany,US,42.6001,-73.9662,75.15,60,77,1.01,broken clouds
57,Namibe,AO,-15.1961,12.1522,65.41,86,36,7.0,scattered clouds
58,Paita,PE,-5.0892,-81.1144,73.96,70,73,14.5,broken clouds
59,Hobart,AU,-42.8794,147.3294,40.86,85,18,1.01,few clouds
60,Chokwe,MZ,-24.5333,32.9833,75.2,47,0,10.09,clear sky
61,Ostrovnoy,RU,68.0531,39.5131,43.84,91,66,10.31,broken clouds
62,Ushuaia,AR,-54.8,-68.3,44.26,61,40,13.8,scattered clouds
63,Provideniya,RU,64.3833,-173.3,29.77,83,100,5.93,overcast clouds
64,Padang,ID,-0.9492,100.3543,77.05,89,99,1.86,overcast clouds
65,Chokurdakh,RU,70.6333,147.9167,32.59,98,100,12.06,overcast clouds
66,Coos Bay,US,43.3665,-124.2179,54.23,97,90,3.44,mist
67,Coihaique,CL,-45.5752,-72.0662,54.21,57,75,10.36,broken clouds
68,Carroll,US,39.5501,-77.0164,75.65,51,1,4.0,clear sky
69,Butaritari,KI,3.0707,172.7902,82.6,76,56,9.73,broken clouds
70,Bluff,NZ,-46.6,168.3333,39.79,66,58,18.59,light rain
71,Kamina,CD,-8.7386,24.9906,76.05,26,14,4.23,few clouds
72,Pisco,PE,-13.7,-76.2167,68.05,73,0,9.22,clear sky
73,Khatanga,RU,71.9667,102.5,29.98,88,99,10.78,overcast clouds
74,Sitka,US,57.0531,-135.33,48.09,81,75,0.0,light rain
75,Lianzhou,CN,24.7811,112.3825,77.77,79,10,0.98,clear sky
76,Klaksvik,FO,62.2266,-6.589,52.72,95,100,25.3,overcast clouds
77,Shiyan,CN,32.6475,110.7781,68.43,96,100,4.7,light rain
78,Concepcion Del Oro,MX,24.6333,-101.4167,70.81,46,11,4.38,few clouds
79,Isangel,VU,-19.55,169.2667,68.29,79,85,9.51,overcast clouds
80,Arraial Do Cabo,BR,-22.9661,-42.0278,78.76,64,0,18.41,clear sky
81,Mushie,CD,-3.0167,16.9,80.92,60,55,2.37,broken clouds
82,Tuktoyaktuk,CA,69.4541,-133.0374,33.8,100,90,19.57,light snow
83,Kumi,KR,36.1136,128.336,65.88,91,72,2.57,broken clouds
84,Dikson,RU,73.5069,80.5464,36.61,86,98,17.18,overcast clouds
85,Ishigaki,JP,24.3448,124.1572,83.03,78,47,13.09,scattered clouds
86,Carnarvon,AU,-24.8667,113.6333,66.27,77,40,8.05,scattered clouds
87,Alcantara,BR,-2.4089,-44.4147,91.6,60,76,13.56,broken clouds
88,Vostok,RU,46.4856,135.8833,45.82,74,100,3.2,overcast clouds
89,Kapuskasing,CA,49.4169,-82.4331,50.09,87,90,10.36,overcast clouds
90,Asheville,US,35.6009,-82.554,72.18,58,1,1.99,clear sky
91,Damietta,EG,31.4165,31.8133,76.89,60,0,10.74,clear sky
92,Saint-Philippe,RE,-21.3585,55.7679,71.19,81,65,12.46,broken clouds
93,Karratha,AU,-20.7377,116.8463,70.66,47,0,13.04,clear sky
94,Ambilobe,MG,-13.2,49.05,72.03,60,46,6.69,scattered clouds
95,Geraldton,AU,-28.7667,114.6,61.12,88,90,5.75,overcast clouds
96,Alice Springs,AU,-23.7,133.8833,60.35,21,16,6.91,few clouds
97,Bambous Virieux,MU,-20.3428,57.7575,72.21,83,40,13.8,light rain
98,Kerrville,US,30.0474,-99.1403,83.55,49,1,1.99,clear sky
99,Yining,CN,29.0361,114.5636,77.94,80,63,2.04,light rain
100,Bonthe,SL,7.5264,-12.505,81.72,73,93,6.87,overcast clouds
101,Clyde River,CA,70.4692,-68.5914,32.23,80,75,0.0,broken clouds
102,Loikaw,MM,19.6742,97.2094,67.6,97,95,2.15,overcast clouds
103,Berlevag,NO,70.8578,29.0864,44.6,85,99,9.62,light rain
104,Dunedin,NZ,-45.8742,170.5036,42.8,66,79,1.01,broken clouds
105,Macas,EC,-2.3167,-78.1167,71.06,90,96,0.65,light rain
106,Dolzhanskaya,RU,46.6311,37.8039,54.91,61,70,17.31,broken clouds
107,Vaini,TO,-21.2,-175.2,68.16,77,75,4.61,broken clouds
108,Atuona,PF,-9.8,-139.0333,78.17,78,29,20.33,scattered clouds
109,Whitehorse,CA,60.7161,-135.0538,37.09,80,20,3.0,few clouds
110,Karibib,NA,-21.9333,15.8333,77.67,20,3,8.95,clear sky
111,Paramonga,PE,-10.6667,-77.8333,67.32,74,64,11.21,broken clouds
112,Calvinia,ZA,-31.4707,19.776,63.79,28,81,5.82,broken clouds
113,Boda,CF,4.3189,17.4695,71.46,92,100,2.19,overcast clouds
114,Terbuny,RU,52.1389,38.2789,50.76,73,100,10.45,overcast clouds
115,Praia Da Vitoria,PT,38.7333,-27.0667,73.65,83,75,17.22,broken clouds
116,Ilulissat,GL,69.2167,-51.1,24.82,54,75,5.75,broken clouds
117,Nikolskoye,RU,59.7035,30.7861,49.89,92,100,8.72,overcast clouds
118,Katsuura,JP,35.1333,140.3,71.19,68,100,14.18,overcast clouds
119,Lakatoro,VU,-16.0999,167.4164,75.7,87,70,10.36,broken clouds
120,Bengkulu,ID,-3.8004,102.2655,76.41,91,100,5.01,overcast clouds
121,Comodoro Rivadavia,AR,-45.8667,-67.5,67.86,28,0,23.02,clear sky
122,Nizhyn,UA,51.048,31.8869,55.02,86,100,13.94,overcast clouds
123,Tuy Hoa,VN,13.0833,109.3,76.21,91,100,1.72,overcast clouds
124,Broome,US,42.2506,-75.833,74.01,57,1,1.01,clear sky
125,Atambua,ID,-9.1061,124.8925,71.83,85,40,3.22,scattered clouds
126,Guerrero Negro,MX,27.9769,-114.0611,74.48,67,79,12.08,broken clouds
127,Saskylakh,RU,71.9167,114.0833,30.16,93,86,15.7,overcast clouds
128,Chadiza,ZM,-14.0678,32.4392,79.3,26,83,10.56,broken clouds
129,Byron Bay,AU,-28.65,153.6167,66.15,78,41,12.75,scattered clouds
130,San Luis,AR,-33.295,-66.3356,82.33,19,0,12.08,clear sky
131,Parad,HU,47.9232,20.0297,62.64,64,8,1.16,clear sky
132,Cidreira,BR,-30.1811,-50.2056,65.61,72,18,7.9,few clouds
133,Luderitz,NA,-26.6481,15.1594,62.58,60,27,17.6,scattered clouds
134,Kavaratti,IN,10.5669,72.642,81.84,79,77,15.95,broken clouds
135,Cervo,ES,43.6702,-7.4101,70.2,79,83,5.21,broken clouds
136,Vila Franca Do Campo,PT,37.7167,-25.4333,72.01,86,99,13.24,overcast clouds
137,Kulhudhuffushi,MV,6.6221,73.07,82.13,78,100,20.85,overcast clouds
138,Caravelas,BR,-17.7125,-39.2481,76.78,54,3,10.02,clear sky
139,Airai,TL,-8.9266,125.4092,58.6,92,77,2.01,broken clouds
140,Virginia Beach,US,36.8529,-75.978,78.04,57,2,7.14,clear sky
141,Kilindoni,TZ,-7.9139,39.6668,77.13,75,1,16.98,clear sky
142,Lebu,CL,-37.6167,-73.65,52.12,86,91,6.49,overcast clouds
143,Leh,IN,34.1667,77.5833,55.31,41,33,3.98,scattered clouds
144,Bettiah,IN,26.8,84.5,82.02,73,86,4.94,overcast clouds
145,Puerto Madryn,AR,-42.7692,-65.0385,79.02,24,45,19.98,scattered clouds
146,Salalah,OM,17.0151,54.0924,82.49,83,0,3.44,clear sky
147,Nova Venecia,BR,-18.7106,-40.4006,84.6,35,51,10.83,broken clouds
148,Mersing,MY,2.4312,103.8405,75.11,88,79,8.05,moderate rain
149,Saint George,US,37.1041,-113.5841,91.35,20,1,4.61,clear sky
150,Kavieng,PG,-2.5744,150.7967,82.24,77,26,15.82,scattered clouds
151,Saint-Augustin,CA,51.226,-58.6502,51.12,97,100,10.54,overcast clouds
152,Mahebourg,MU,-20.4081,57.7,72.25,83,40,13.8,light rain
153,Hofn,IS,64.2539,-15.2082,40.23,76,100,15.86,moderate rain
154,Victoria,HK,22.2855,114.1577,85.24,77,8,8.99,light rain
155,Nizhnyaya Tavda,RU,57.6731,66.1725,36.72,79,6,8.86,clear sky
156,Benghazi,LY,32.1167,20.0667,75.36,59,2,14.83,clear sky
157,Ponta Delgada,PT,37.7333,-25.6667,72.32,83,40,13.8,scattered clouds
158,Senador Guiomard,BR,-10.1522,-67.7392,89.35,19,15,1.9,few clouds
159,Chuy,UY,-33.6971,-53.4616,63.7,81,52,10.63,broken clouds
160,Bahadurgarh,IN,28.6833,76.9167,80.71,63,57,5.44,light rain
161,Lungani,RO,47.1833,27.15,64.31,64,18,2.24,light rain
162,Xining,CN,36.6167,101.7667,56.61,77,100,2.98,overcast clouds
163,Kutum,SD,14.2,24.6667,82.53,27,98,8.34,overcast clouds
164,Nanortalik,GL,60.1432,-45.2371,38.93,72,0,11.34,clear sky
165,Midland,US,31.9974,-102.0779,84.06,30,1,5.75,clear sky
166,Huntington,US,38.4193,-82.4452,73.38,69,90,9.22,light rain
167,Harwich,GB,51.9419,1.2844,69.33,87,100,4.0,overcast clouds
168,Upernavik,GL,72.7868,-56.1549,22.82,71,6,5.7,clear sky
169,Urengoy,RU,65.9667,78.3667,32.02,84,7,6.87,clear sky
170,Georgetown,MY,5.4112,100.3354,82.33,82,20,5.01,few clouds
171,Gondanglegi,ID,-7.7479,112.0132,75.51,88,43,9.42,scattered clouds
172,Marang,MY,5.2056,103.2059,76.93,85,96,3.87,overcast clouds
173,Thompson,CA,55.7435,-97.8558,48.36,76,90,4.61,overcast clouds
174,Karasjok,NO,69.4719,25.5112,42.91,92,100,5.32,overcast clouds
175,College,US,64.8569,-147.8028,30.29,93,75,3.44,light snow
176,Iqaluit,CA,63.7506,-68.5145,33.53,80,75,20.0,broken clouds
177,Kloulklubed,PW,7.0419,134.2556,81.1,75,91,15.75,overcast clouds
178,Yellowknife,CA,62.456,-114.3525,47.41,100,90,14.97,overcast clouds
179,Sarakhs,IR,36.5449,61.1577,80.74,29,0,0.0,clear sky
180,Porbandar,IN,21.6422,69.6093,80.13,83,37,10.33,scattered clouds
181,Kisangani,CD,0.5167,25.2,72.63,79,40,1.12,scattered clouds
182,Smithers,CA,54.7804,-127.1743,48.52,93,90,0.0,overcast clouds
183,Flinders,AU,-34.5833,150.8552,54.21,74,100,5.99,overcast clouds
184,San Juan,AR,-31.5375,-68.5364,90.39,10,0,12.64,clear sky
185,Kampli,IN,15.4,76.6167,75.76,83,100,13.04,light rain
186,Ugoofaaru,MV,5.6667,73.0,82.53,78,100,20.47,overcast clouds
187,Awjilah,LY,29.1081,21.2869,77.4,32,0,6.38,clear sky
188,Miraflores,MX,19.2167,-98.8083,68.04,51,73,3.91,broken clouds
189,Severo-Kurilsk,RU,50.6789,156.125,47.43,91,100,6.76,overcast clouds
190,Ahipara,NZ,-35.1667,173.1667,56.34,89,95,7.81,overcast clouds
191,Vardo,NO,70.3705,31.1107,47.46,89,100,8.41,overcast clouds
192,Port Elizabeth,ZA,-33.918,25.5701,64.69,55,0,17.27,clear sky
193,Norman Wells,CA,65.282,-126.8329,32.04,100,90,11.5,light snow
194,Esso,RU,55.9333,158.7,36.84,86,4,2.51,clear sky
195,Kemalpasa,TR,38.4262,27.4173,73.71,39,0,5.97,clear sky
196,Samarai,PG,-10.6167,150.6667,78.24,87,43,13.06,scattered clouds
197,Mar Del Plata,AR,-38.0023,-57.5575,63.0,62,90,7.0,overcast clouds
198,Sept-Iles,CA,50.2001,-66.3821,60.06,90,75,3.0,fog
199,Richards Bay,ZA,-28.783,32.0377,71.74,73,17,14.45,few clouds
200,Carson City,US,39.1638,-119.7674,79.05,30,1,0.0,clear sky
201,Druzhba,UA,52.0428,33.9453,49.46,92,100,15.03,overcast clouds
202,Sao Filipe,CV,14.8961,-24.4956,78.53,75,64,5.1,broken clouds
203,Hualmay,PE,-11.0964,-77.6139,67.93,71,70,11.01,broken clouds
204,Stige,DK,55.4394,10.4094,62.6,72,98,6.67,overcast clouds
205,Gilgit,PK,35.9221,74.3087,77.11,36,0,1.32,clear sky
206,Lanigan,CA,51.8501,-105.0344,68.29,33,93,4.68,overcast clouds
207,Narsaq,GL,60.9167,-46.05,43.02,54,0,8.52,clear sky
208,Grand Gaube,MU,-20.0064,57.6608,72.37,73,9,5.99,light rain
209,Alta Floresta,BR,-9.8756,-56.0861,93.02,40,0,3.44,clear sky
210,Hilo,US,19.7297,-155.09,77.29,84,90,5.75,light rain
211,Itarema,BR,-2.9248,-39.9167,85.42,60,42,21.14,scattered clouds
212,Makakilo City,US,21.3469,-158.0858,73.62,79,1,4.61,clear sky
213,Mahdasht,IR,35.7299,50.8111,84.42,13,0,19.57,clear sky
214,Boyolangu,ID,-8.1181,111.8935,75.16,92,68,5.01,broken clouds
215,Rioja,AR,-29.4111,-66.8507,86.79,17,0,6.78,clear sky
216,Tiksi,RU,71.6872,128.8694,32.77,90,100,20.51,overcast clouds
217,Lorengau,PG,-2.0226,147.2712,81.46,80,25,8.55,scattered clouds
218,Turukhansk,RU,65.8167,87.9833,31.14,82,4,8.3,clear sky
219,Curvelo,BR,-18.7564,-44.4308,94.59,21,15,2.98,few clouds
220,East London,ZA,-33.0153,27.9116,68.94,77,0,3.44,clear sky
221,Isiolo,KE,0.3546,37.5822,71.58,60,100,21.9,overcast clouds
222,Raudeberg,NO,61.9875,5.1352,52.47,75,89,19.84,overcast clouds
223,Kruisfontein,ZA,-34.0033,24.7314,56.66,79,91,6.31,overcast clouds
224,Balikpapan,ID,-1.2675,116.8289,76.75,88,97,5.97,overcast clouds
225,Dingle,PH,10.9995,122.6711,76.05,91,97,4.29,overcast clouds
226,Waipawa,NZ,-41.4122,175.5153,54.23,68,16,14.76,few clouds
227,Kargil,IN,34.5667,76.1,53.06,50,65,4.29,broken clouds
228,Saint Anthony,US,45.0205,-93.218,61.14,56,40,1.99,scattered clouds
229,Ponta Do Sol,PT,32.6667,-17.1,75.83,69,85,1.66,overcast clouds
230,Madras,IN,13.0878,80.2785,82.38,78,40,4.61,moderate rain
231,Rawson,AR,-43.3002,-65.1023,80.17,15,55,24.43,broken clouds
232,Fernley,US,39.608,-119.2518,78.8,18,0,3.0,clear sky
233,Touros,BR,-5.1989,-35.4608,86.9,62,16,18.21,few clouds
234,Fare,PF,-16.7,-151.0167,77.81,76,11,9.98,few clouds
235,Sinnamary,GF,5.3833,-52.95,87.76,61,47,11.81,scattered clouds
236,Beringovskiy,RU,63.05,179.3167,28.62,74,18,6.04,few clouds
237,Beloha,MG,-25.1667,45.05,72.37,68,0,9.33,clear sky
238,Platanos,GR,37.6667,21.6167,74.08,66,0,2.15,clear sky
239,Sambava,MG,-14.2667,50.1667,73.4,77,0,14.85,clear sky
240,Abnub,EG,27.2696,31.1511,80.82,31,0,8.5,clear sky
241,Gillette,US,44.2911,-105.5022,77.92,22,1,5.01,clear sky
242,Lukuledi,TZ,-10.5667,38.8,76.75,49,67,8.77,broken clouds
243,Asau,RO,46.4333,26.4,59.76,67,5,5.41,clear sky
244,Muzhi,RU,65.3667,64.6667,32.88,80,75,7.31,broken clouds
245,Grindavik,IS,63.8424,-22.4338,44.55,65,75,23.02,broken clouds
246,Vestmanna,FO,62.1564,-7.1664,50.92,100,90,1.14,overcast clouds
247,Iaciara,BR,-14.0958,-46.6317,91.0,29,36,7.87,scattered clouds
248,Kahului,US,20.8947,-156.47,78.84,80,20,8.05,few clouds
249,Padilla,CO,3.2204,-76.3139,85.89,43,80,3.2,broken clouds
250,Meulaboh,ID,4.1363,96.1285,78.39,87,99,5.68,moderate rain
251,Fairbanks,US,64.8378,-147.7164,32.09,93,75,3.44,light snow
252,Bethel,US,41.3712,-73.414,76.01,60,1,3.44,clear sky
253,Hasaki,JP,35.7333,140.8333,66.6,60,100,16.44,overcast clouds
254,Metro,ID,-5.1131,105.3067,75.52,92,32,5.01,scattered clouds
255,Chapais,CA,49.7834,-74.8492,62.38,44,8,11.79,clear sky
256,Te Anau,NZ,-45.4167,167.7167,32.68,92,67,1.86,broken clouds
257,Tuatapere,NZ,-46.1333,167.6833,39.81,86,93,7.52,light rain
258,Bilibino,RU,68.0546,166.4372,27.27,96,100,8.9,light snow
259,Abha,SA,18.2164,42.5053,73.65,9,0,6.91,clear sky
260,Sussex,US,41.1834,-74.6663,75.97,52,1,0.0,clear sky
261,Castro,BR,-24.7911,-50.0119,72.82,59,40,3.53,scattered clouds
262,Umm Bab,QA,25.2142,50.8072,89.28,68,3,10.2,clear sky
263,Nara,JP,34.6851,135.8049,72.68,91,99,8.14,overcast clouds
264,San Patricio,US,28.017,-97.5169,86.41,36,2,9.31,clear sky
265,Panguna,PG,-6.3164,155.4848,67.33,97,48,1.95,light rain
266,Port Lincoln,AU,-34.7333,135.8667,50.72,72,28,13.22,scattered clouds
267,Odweyne,SO,9.4092,45.064,78.42,47,72,13.76,broken clouds
268,Okakarara,NA,-20.5833,17.4333,77.16,13,2,7.47,clear sky
269,Leningradskiy,RU,69.3833,178.4167,23.22,73,100,6.73,overcast clouds
270,Malumfashi,NG,11.7853,7.6218,79.38,52,75,3.06,broken clouds
271,Eyl,SO,7.9803,49.8164,78.01,83,65,18.12,broken clouds
272,Pangody,RU,65.85,74.4859,32.34,79,6,6.64,clear sky
273,Atar,MR,20.5169,-13.0499,101.5,16,94,7.31,overcast clouds
274,Gusau,NG,12.1628,6.6614,84.67,48,52,2.44,broken clouds
275,Kozhva,RU,65.1073,57.0459,44.15,60,95,16.08,overcast clouds
276,Ontario,US,34.0633,-117.6509,89.38,59,20,1.99,haze
277,San Nicolas,PH,18.1725,120.5953,79.38,80,18,6.11,few clouds
278,Carballo,ES,43.213,-8.691,69.49,76,72,6.44,broken clouds
279,Tilichiki,RU,60.4667,166.1,35.55,76,58,2.28,broken clouds
280,Grants,US,35.1473,-107.8514,71.83,35,1,6.91,clear sky
281,Srandakan,ID,-7.9386,110.2506,77.31,87,87,7.9,overcast clouds
282,Adre,TD,13.4667,22.2,82.06,27,80,6.67,broken clouds
283,Constitucion,CL,-35.3333,-72.4167,59.09,65,89,6.87,overcast clouds
284,Walvis Bay,NA,-22.9575,14.5053,58.15,82,24,11.5,few clouds
285,Deqing,CN,30.5448,119.9599,73.36,96,95,1.95,light rain
286,Orangeburg,US,33.4918,-80.8557,78.94,47,1,5.75,clear sky
287,Osakarovka,KZ,50.565,72.5692,44.08,35,52,2.28,broken clouds
288,Sao Francisco De Assis,BR,-29.5503,-55.1311,71.13,53,0,6.64,clear sky
289,Sorland,NO,67.667,12.6934,48.76,71,42,16.24,scattered clouds
290,Souillac,MU,-20.5167,57.5167,72.36,83,40,13.8,light rain
291,Bilma,NE,18.6853,12.9164,93.04,12,0,9.75,clear sky
292,Cabo San Lucas,MX,22.8909,-109.9124,92.61,66,9,1.01,clear sky
293,Mount Gambier,AU,-37.8333,140.7667,39.11,93,90,1.14,overcast clouds
294,Bridlington,GB,54.0831,-0.1919,68.18,95,100,13.0,overcast clouds
295,Kunming,CN,25.0389,102.7183,60.73,88,75,4.47,broken clouds
296,Sokolo,ML,14.7328,-6.1219,86.79,43,61,4.68,broken clouds
297,Fonte Boa,BR,-2.4959,-66.2662,89.31,52,60,3.56,broken clouds
298,Abu Dhabi,AE,24.4667,54.3667,93.22,59,0,5.75,clear sky
299,Codrington,AU,-38.2667,141.9667,44.02,69,69,3.44,broken clouds
300,Kovdor,RU,67.5662,30.4758,38.03,95,98,3.11,overcast clouds
301,Coquimbo,CL,-29.9533,-71.3436,65.93,59,0,8.05,clear sky
302,Namatanai,PG,-3.6667,152.4333,78.85,82,22,7.25,few clouds
303,Rio Grande,BR,-32.035,-52.0986,69.91,82,67,3.2,broken clouds
304,Aklavik,CA,68.2191,-135.0107,32.83,93,90,11.5,light snow
305,Elizabethtown,US,37.694,-85.8591,68.95,77,75,6.91,broken clouds
306,Pandan,PH,14.0453,124.1694,80.8,84,96,4.97,overcast clouds
307,Bucerias,MX,20.75,-105.3333,86.99,76,13,3.87,few clouds
308,Primorsk,UA,46.7348,36.3443,57.16,66,74,10.36,broken clouds
309,Jacksonville,US,30.3322,-81.6556,87.04,56,40,3.0,haze
310,Kaka,TM,37.3482,59.6143,81.52,29,0,6.44,clear sky
311,Tarma,PE,-11.4197,-75.6908,61.77,47,84,12.03,broken clouds
312,Baker City,US,44.7749,-117.8344,72.64,39,1,0.0,clear sky
313,Husavik,IS,66.0449,-17.3389,39.11,95,100,12.75,overcast clouds
314,Rangia,IN,26.4667,91.6333,80.55,83,8,3.02,clear sky
315,Eureka,US,40.8021,-124.1637,56.01,91,13,1.01,few clouds
316,Vagay,RU,57.9375,69.0217,32.58,80,4,4.21,clear sky
317,Lucea,JM,18.451,-78.1736,88.86,68,7,9.31,clear sky
318,Mabaruma,GY,8.2,-59.7833,89.58,58,14,8.14,few clouds
319,Oranjestad,AW,12.524,-70.027,91.35,66,20,21.85,few clouds
320,Springbok,ZA,-29.6643,17.8865,63.01,32,76,3.85,broken clouds
321,Manokwari,ID,-0.8667,134.0833,77.76,80,91,2.51,overcast clouds
322,Cookeville,US,36.1628,-85.5016,71.31,70,75,1.01,broken clouds
323,Lata,PT,40.1629,-8.3327,69.93,86,62,4.74,broken clouds
324,Sarkand,KZ,45.41,79.9186,49.98,17,14,4.18,few clouds
325,Ayer Tawar,MY,4.2954,100.7548,80.55,88,20,0.0,few clouds
326,Gabu,GW,12.2833,-14.2167,85.93,73,96,0.34,light rain
327,Pochutla,MX,15.7432,-96.4661,88.83,56,53,5.77,broken clouds
328,Bang Len,TH,14.0219,100.1718,79.99,93,100,2.24,light rain
329,Avera,US,33.194,-82.5271,78.71,38,49,4.85,scattered clouds
330,Lamu,KE,-2.2717,40.902,77.22,81,100,15.05,overcast clouds
331,Banda Aceh,ID,5.5577,95.3222,80.46,78,98,10.42,overcast clouds
332,Las Matas De Farfan,DO,18.8731,-71.5166,89.22,51,15,1.81,few clouds
333,Prado,BR,-17.3411,-39.2208,75.74,59,12,9.73,few clouds
334,Palana,RU,59.1167,159.9667,38.35,71,76,5.64,broken clouds
335,Excelsior Springs,US,39.3392,-94.2261,76.57,29,1,0.0,clear sky
336,Dzidzantun,MX,21.25,-89.05,94.28,42,55,3.94,broken clouds
337,West Bay,KY,19.3667,-81.4167,89.67,89,40,1.99,scattered clouds
338,Craig,US,40.5153,-107.5464,69.84,24,1,3.44,clear sky
339,Oranjemund,NA,-28.55,16.4333,57.49,82,85,9.42,overcast clouds
340,Karpogory,RU,64.0019,44.4451,45.86,95,100,8.43,overcast clouds
341,Khandyga,RU,62.6667,135.6,38.59,98,100,2.8,overcast clouds
342,Lauenburg,DE,53.372,10.5565,66.0,91,99,4.27,overcast clouds
343,Faya,SA,18.3851,42.4509,73.92,26,45,10.33,scattered clouds
344,La Ronge,CA,55.1001,-105.2842,57.45,58,75,4.61,broken clouds
345,Ginda,IN,30.6945,78.4932,60.82,89,13,4.63,few clouds
346,Gornyak,RU,50.9942,81.4661,39.78,53,50,9.6,scattered clouds
347,Khasan,RU,42.4308,130.6434,62.83,87,98,3.58,overcast clouds
348,Vila Velha,BR,-20.3297,-40.2925,78.75,58,0,17.27,clear sky
349,Vanimo,PG,-2.6741,141.3028,77.9,89,47,5.17,scattered clouds
350,Melton,AU,-37.6833,144.5833,42.13,90,29,2.98,scattered clouds
351,Lieksa,FI,63.3167,30.0167,45.36,95,100,4.29,light rain
352,Marawi,PH,7.9986,124.2928,64.65,93,100,3.04,moderate rain
353,Pasighat,IN,28.0667,95.3333,77.09,82,3,3.89,clear sky
354,Pacific Grove,US,36.6177,-121.9166,80.6,88,40,1.99,scattered clouds
355,Genhe,CN,50.7833,121.5167,44.55,97,83,3.89,broken clouds
356,Lisieux,FR,49.1667,0.1667,69.31,81,94,7.67,light rain
357,Puerto Leguizamo,CO,-0.1934,-74.7819,80.55,65,98,3.78,overcast clouds
358,Mikhaylovka,RU,50.06,43.2379,53.31,83,100,4.79,light rain
359,Rodrigues Alves,BR,-7.738,-72.6509,84.4,42,79,3.89,broken clouds
360,Champerico,GT,14.3,-91.9167,91.72,68,100,5.41,overcast clouds
361,Mali,GN,12.079,-12.2982,67.26,86,48,2.33,moderate rain
362,Pirogovo,RU,56.7796,53.1495,48.65,78,100,7.45,overcast clouds
363,Veraval,IN,20.9,70.3667,79.84,82,67,7.78,broken clouds
364,Kharitonovo,RU,61.4009,47.4978,45.0,95,100,7.67,overcast clouds
365,Ust-Tsilma,RU,65.441,52.1498,46.83,86,100,13.56,overcast clouds
366,Santander,ES,43.4647,-3.8044,66.81,87,75,1.99,broken clouds
367,Nome,US,64.5011,-165.4064,42.87,82,90,14.97,overcast clouds
368,Tadine,NC,-21.55,167.8833,64.83,69,3,8.28,clear sky
369,Batagay,RU,67.6333,134.6333,30.69,91,100,3.18,overcast clouds
370,Pangnirtung,CA,66.1451,-65.7125,33.8,80,75,8.05,broken clouds
371,Bathsheba,BB,13.2167,-59.5167,88.41,70,40,8.05,scattered clouds
372,Potsdam,DE,52.3989,13.0657,66.94,87,87,4.68,overcast clouds
373,Baruun-Urt,MN,46.6806,113.2792,56.41,88,100,8.86,overcast clouds
374,Xucheng,CN,20.35,110.1288,75.9,84,15,12.33,light rain
375,Bom Jesus,BR,-9.0744,-44.3586,100.56,18,38,7.99,scattered clouds
376,Los Llanos De Aridane,ES,28.6585,-17.9182,71.35,81,75,5.75,volcanic ash
377,Berdigestyakh,RU,62.0989,126.6992,30.72,91,10,5.75,clear sky
378,Pali,IN,25.7667,73.3333,83.35,73,52,6.11,broken clouds
379,Natal,BR,-5.795,-35.2094,86.65,62,40,24.16,scattered clouds
380,Aswan,EG,24.0934,32.907,92.5,18,0,16.11,clear sky
381,Miranda,CO,3.2499,-76.2281,84.65,48,85,3.96,overcast clouds
382,Strezhevoy,RU,60.7333,77.5889,37.38,91,93,9.89,overcast clouds
383,Mandan,US,46.8267,-100.8896,73.98,32,1,3.0,clear sky
384,Talara,PE,-4.5772,-81.2719,74.16,64,0,14.97,clear sky
385,Dubai,AE,25.2582,55.3047,93.45,63,0,5.99,clear sky
386,Esmeraldas,BR,-19.7625,-44.3139,84.31,24,100,0.54,overcast clouds
387,Ninh Binh,VN,20.2539,105.975,74.46,95,73,4.27,broken clouds
388,Bartica,GY,6.4,-58.6167,93.52,61,86,5.32,overcast clouds
389,Loubomo,CG,-4.1997,12.6739,76.82,76,93,8.9,overcast clouds
390,Safford,US,32.834,-109.7076,82.06,53,1,11.5,clear sky
391,Mundo Nuevo,MX,18.7,-95.5,83.14,68,72,11.25,broken clouds
392,Soe,ID,-9.8607,124.284,63.82,92,42,3.69,scattered clouds
393,Sola,VU,-13.8833,167.55,78.89,77,64,11.16,broken clouds
394,Bereda,ES,43.2686,-7.5406,66.15,79,85,3.0,overcast clouds
395,Tual,ID,-5.6667,132.75,79.99,83,75,13.76,broken clouds
396,Santiago,CL,-33.4569,-70.6483,69.28,54,0,0.0,clear sky
397,Abay,KZ,49.6311,72.8539,28.78,31,14,2.84,few clouds
398,Talas,TR,38.6908,35.5538,56.07,54,40,0.0,scattered clouds
399,Zholymbet,KZ,51.7433,71.7122,46.29,40,16,5.06,few clouds
400,Anadyr,RU,64.75,177.4833,14.5,92,40,4.47,scattered clouds
401,Monroe,US,43.1501,-77.6831,74.91,52,90,12.66,overcast clouds
402,Feicheng,CN,35.2606,117.9675,69.21,95,100,7.74,overcast clouds
403,Canico,PT,32.6333,-16.85,75.83,76,40,1.01,scattered clouds
404,Ati,TD,13.2154,18.3353,91.8,37,98,6.33,overcast clouds
405,Santa Cruz,BO,-17.8,-63.1667,90.86,29,0,5.75,clear sky
406,Elizabeth City,US,36.2946,-76.2511,78.06,53,1,6.91,clear sky
407,Gap,FR,44.6667,6.0,54.07,87,24,4.65,few clouds
408,Arman,RU,59.7,150.1667,40.71,87,1,4.72,clear sky
409,Mananjary,MG,-21.2167,48.3333,69.53,87,7,4.27,light rain
410,Kuandian,CN,40.7286,124.7847,58.68,94,100,2.89,overcast clouds
411,Keti Bandar,PK,24.1447,67.4497,83.12,80,23,12.37,few clouds
412,Coatepec,MX,19.45,-96.9667,74.97,68,85,6.58,overcast clouds
413,Altamont,US,42.2068,-121.7372,70.77,40,1,5.75,clear sky
414,Zhanaozen,KZ,43.3,52.8,59.92,56,1,16.2,clear sky
415,Juba,SS,4.8517,31.5825,69.21,94,100,3.42,overcast clouds
416,Humaita,BR,-7.5061,-63.0208,97.21,34,46,3.65,scattered clouds
417,Gonbad-E Qabus,IR,37.25,55.1672,83.35,61,39,4.68,scattered clouds
418,Grafton,US,42.207,-71.6856,76.46,57,1,4.61,clear sky
419,Ancud,CL,-41.8697,-73.8203,52.43,72,87,12.73,light rain
420,Piacabucu,BR,-10.4056,-36.4344,78.12,80,28,12.24,scattered clouds
421,Prince Rupert,CA,54.3161,-130.3201,50.09,96,90,4.61,overcast clouds
422,The Valley,AI,18.217,-63.0578,89.46,74,40,10.36,scattered clouds
423,Flin Flon,CA,54.7682,-101.865,55.24,54,75,5.75,broken clouds
424,Klyuchi,RU,52.2667,79.1667,42.84,54,87,9.66,overcast clouds
425,Cairo,EG,30.0626,31.2497,81.72,43,20,20.71,few clouds
426,Rorvik,NO,64.8621,11.2373,50.02,69,97,15.48,light rain
427,Pyaozerskiy,RU,65.8333,31.1667,45.05,93,100,3.65,overcast clouds
428,Apollonia,GR,36.9716,24.7231,71.73,57,3,6.96,clear sky
429,Upington,ZA,-28.4478,21.2561,82.78,11,0,6.91,clear sky
430,Port Blair,IN,11.6667,92.75,81.14,86,99,14.7,overcast clouds
431,Fortuna,US,40.5982,-124.1573,55.74,91,3,5.41,clear sky
432,Governador Valadares,BR,-18.8511,-41.9494,86.63,34,57,8.39,broken clouds
433,Jabinyanah,TN,35.035,10.9081,84.0,84,5,14.32,clear sky
434,Veinticinco De Diciembre,MX,25.2602,-104.0519,84.67,32,30,8.61,scattered clouds
435,Savinka,RU,50.0785,47.0994,54.01,76,100,5.66,overcast clouds
436,Biak,ID,-0.9131,122.8766,74.91,86,64,6.26,broken clouds
437,Progreso,MX,21.2833,-89.6667,89.71,59,50,8.77,scattered clouds
438,Inhambane,MZ,-23.865,35.3833,73.38,73,0,0.0,clear sky
439,Nishihara,JP,26.1842,127.7558,81.68,92,20,4.61,few clouds
440,Almaznyy,RU,48.0448,40.045,53.74,68,81,7.45,broken clouds
441,Amli,IN,20.2833,73.0167,76.75,90,100,3.0,overcast clouds
442,Villa Del Rosario,CO,7.8339,-72.4742,93.58,29,20,23.02,few clouds
443,Zhigansk,RU,66.7697,123.3711,31.39,87,72,9.8,broken clouds
444,Sistranda,NO,63.7256,8.834,48.16,79,89,13.31,overcast clouds
445,Along,IN,28.1667,94.7667,71.94,97,32,1.81,scattered clouds
446,Hammerfest,NO,70.6634,23.6821,46.85,87,75,6.91,light intensity drizzle
447,Maniitsoq,GL,65.4167,-52.9,31.96,48,0,1.54,clear sky
448,Taoudenni,ML,22.6783,-3.9836,104.61,6,75,10.36,broken clouds
449,Tezu,IN,27.9167,96.1667,76.93,78,34,4.68,scattered clouds
450,Revelstoke,CA,50.9832,-118.2023,51.82,100,40,3.44,scattered clouds
451,Andenes,NO,69.3143,16.1194,46.38,76,99,11.5,light rain
452,Jardim,BR,-21.4803,-56.1381,100.44,20,0,3.89,clear sky
453,Hamilton,US,39.1834,-84.5333,67.21,70,90,1.99,overcast clouds
454,Alabino,RU,55.5268,37.0103,48.99,93,75,6.71,light intensity shower rain
455,Riyadh,SA,24.6877,46.7219,91.54,15,10,11.45,clear sky
456,Sao Jose Da Coroa Grande,BR,-8.8978,-35.1478,79.34,77,23,11.1,few clouds
457,Nicoya,CR,10.1483,-85.452,87.35,72,60,0.63,broken clouds
458,Mumford,GH,5.2618,-0.759,78.24,85,87,8.05,overcast clouds
459,Axim,GH,4.8699,-2.2405,77.58,85,93,6.53,light rain
460,Puqi,CN,29.7167,113.8833,80.53,73,29,3.04,light rain
461,Antofagasta,CL,-23.65,-70.4,60.08,67,10,10.85,clear sky
462,Benguela,AO,-12.5763,13.4055,72.09,80,41,5.3,scattered clouds
463,Tessalit,ML,20.1986,1.0114,96.42,7,3,9.46,clear sky
464,Choix,MX,26.7092,-108.3219,91.31,45,49,3.24,scattered clouds
465,Peniche,PT,39.3558,-9.3811,74.68,83,12,7.18,few clouds
466,Krasnoselkup,RU,65.7,82.4667,31.73,89,17,8.68,few clouds
467,Korla,CN,41.7597,86.1469,64.18,30,0,6.17,clear sky
468,Sao Joao Da Barra,BR,-21.6403,-41.0511,78.89,70,79,21.21,broken clouds
469,Ucluelet,CA,48.9329,-125.5528,54.09,93,57,1.01,broken clouds
470,Merauke,ID,-8.4667,140.3333,76.55,90,100,11.34,overcast clouds
471,Palmares Do Sul,BR,-30.2578,-50.5097,67.21,66,11,4.16,few clouds
472,Chenghai,CN,23.4632,116.768,80.51,94,20,4.47,few clouds
473,Chifeng,CN,42.2683,118.9636,58.6,86,56,3.11,broken clouds
474,Poum,NC,-20.2333,164.0167,71.15,69,96,5.48,overcast clouds
475,Ngunguru,NZ,-35.6167,174.5,57.16,86,86,7.67,overcast clouds
476,Whitianga,NZ,-36.8333,175.7,56.01,91,88,6.13,moderate rain
477,Solwezi,ZM,-12.1688,26.3894,70.95,26,71,4.56,broken clouds
478,Orebro,SE,59.2741,15.2066,52.59,10,6,1.77,clear sky
479,Mahibadhoo,MV,3.7833,72.9667,82.69,78,78,17.6,broken clouds
480,Kuliyapitiya,LK,7.4688,80.0401,82.08,88,76,5.21,broken clouds
481,San Policarpo,PH,12.1791,125.5072,78.6,87,54,3.0,broken clouds
482,Uige,AO,-7.6087,15.0613,74.3,66,96,2.51,light rain
483,Tura,IN,25.5198,90.2201,76.32,84,62,3.31,broken clouds
484,Kamenka,RU,51.3223,42.7678,47.3,85,52,6.44,broken clouds
485,Kurilsk,RU,45.2333,147.8833,52.23,78,71,12.77,broken clouds
486,Ranong,TH,9.9658,98.6348,77.54,90,100,6.26,overcast clouds
487,Bakel,SN,14.905,-12.4568,95.5,42,56,5.55,broken clouds
488,Tingi,TZ,-11.3,35.0333,65.34,58,32,2.86,scattered clouds
489,Wewak,PG,-3.5534,143.6268,79.92,86,71,8.41,broken clouds
490,Tallahassee,US,30.4383,-84.2807,84.92,64,40,4.61,scattered clouds
491,Broken Hill,AU,-31.95,141.4333,47.91,49,6,9.22,clear sky
492,Filingue,NE,14.3521,3.3168,97.77,22,5,9.55,clear sky
493,Sao Mateus,BR,-18.7161,-39.8589,80.29,41,66,9.66,broken clouds
494,Mashhad,IR,36.297,59.6062,78.94,25,0,6.91,clear sky
495,Cadillac,US,44.2519,-85.4012,61.09,51,40,11.5,scattered clouds
496,Konstantinovka,RU,49.6167,127.9833,53.17,70,87,0.43,overcast clouds
497,Berbera,SO,10.4396,45.0143,92.44,49,76,4.92,broken clouds
498,Hobyo,SO,5.3505,48.5268,78.26,84,86,19.89,overcast clouds
499,Sagana,KE,-0.6667,37.2,70.21,62,97,4.88,overcast clouds
500,Mago,RU,53.2514,140.1822,47.1,76,79,0.96,broken clouds
501,Doha,QA,25.2867,51.5333,89.91,64,0,3.44,clear sky
502,Glenwood Springs,US,39.5505,-107.3248,78.35,26,1,1.01,clear sky
503,Sibiti,CG,-3.6819,13.3499,75.07,77,89,1.81,overcast clouds
504,Amos,CA,48.5669,-78.1162,62.87,59,76,13.8,broken clouds
505,Waiouru,NZ,-39.4833,175.6667,46.47,95,100,6.93,overcast clouds
506,Isabela,PH,6.7085,121.9711,78.55,86,100,3.44,overcast clouds
507,Olinda,BR,-8.0089,-34.8553,80.33,65,40,12.66,scattered clouds
508,Saldanha,ZA,-33.0117,17.9442,62.65,88,5,5.86,clear sky
509,Jodhpur,IN,26.2867,73.03,84.85,67,42,5.3,scattered clouds
510,Mayo,US,38.8876,-76.5119,78.44,49,1,1.01,clear sky
511,Saint-Paul,RE,-21.0096,55.2707,71.71,72,87,2.48,overcast clouds
512,Cuorgne,IT,45.3895,7.6499,69.08,80,97,0.83,overcast clouds
513,Harper,LR,4.375,-7.7169,78.73,82,97,10.49,light rain
514,Itoman,JP,26.1247,127.6694,82.42,88,20,4.61,few clouds
515,Innisfail,AU,-17.5333,146.0333,68.45,86,41,3.8,scattered clouds
516,Yulara,AU,-25.2406,130.9889,67.84,24,0,11.5,clear sky
517,Millau,FR,44.0833,2.9167,74.39,95,89,6.64,overcast clouds
518,Ryazan,RU,54.6197,39.74,51.13,90,100,9.24,light rain
519,Almeirim,BR,-1.5233,-52.5817,96.19,36,76,5.93,broken clouds
520,Debre Tabor,ET,11.85,38.0167,53.11,81,93,3.44,light rain
521,Meadville,US,41.6414,-80.1515,69.78,63,1,11.5,clear sky
522,Ubeda,ES,38.0133,-3.3705,74.44,46,34,9.98,scattered clouds
523,Cherepovets,RU,59.1333,37.9,46.22,100,90,8.95,overcast clouds
524,Glendive,US,47.1053,-104.7125,77.63,30,1,11.5,clear sky
525,Mirabad,AF,30.4362,61.8383,86.86,8,0,4.38,clear sky
526,Cermik,TR,38.1361,39.4493,66.69,33,0,5.82,clear sky
527,Nouadhibou,MR,20.931,-17.0347,75.18,73,0,17.27,clear sky
528,Saint-Joseph,RE,-21.3667,55.6167,70.18,76,39,13.53,scattered clouds
529,Bambanglipuro,ID,-7.95,110.2833,77.2,87,88,8.16,overcast clouds
530,Port Moresby,PG,-9.4431,147.1797,76.42,94,90,5.75,overcast clouds
531,Severo-Yeniseyskiy,RU,60.3725,93.0408,31.21,92,100,5.88,overcast clouds
532,Fort Nelson,CA,58.8053,-122.7002,42.39,75,75,4.61,broken clouds
533,Aberdeen,GB,57.1437,-2.0981,64.2,85,20,6.91,few clouds
534,Lompoc,US,34.6391,-120.4579,66.34,90,40,0.0,scattered clouds
535,Leshukonskoye,RU,64.8989,45.7622,44.74,95,100,8.5,light rain
536,Tabuk,PH,17.4189,121.4443,73.9,93,34,3.09,scattered clouds
537,Yumen,CN,40.2833,97.2,53.58,32,0,6.42,clear sky
538,Ouargaye,BF,11.5033,0.0572,84.67,57,11,6.26,few clouds
539,Belgrade,RS,44.804,20.4651,73.06,47,0,4.61,clear sky
540,Brenham,US,30.1669,-96.3977,84.16,42,1,0.0,clear sky
541,Trairi,BR,-3.2778,-39.2689,86.97,55,32,17.98,scattered clouds
542,Bhakkar,PK,31.6253,71.0657,92.1,37,0,4.7,clear sky
543,Hanusovice,CZ,50.0805,16.9364,63.79,95,20,1.43,few clouds
544,Noumea,NC,-22.2763,166.4572,60.78,76,11,6.78,few clouds
545,Skibby,DK,55.7512,11.9608,59.72,83,89,5.37,overcast clouds
546,Verkhnevilyuysk,RU,63.4453,120.3167,30.56,87,2,3.47,clear sky
547,Antalaha,MG,-14.9003,50.2788,72.68,74,13,10.58,few clouds
548,Udachnyy,RU,66.4167,112.4,32.61,73,53,5.14,broken clouds
549,Havoysund,NO,70.9963,24.6622,47.28,85,100,10.6,overcast clouds
550,Koumac,NC,-20.5667,164.2833,66.7,80,13,4.41,few clouds
551,Lasa,IT,46.6166,10.7002,65.28,89,17,3.36,few clouds
552,Arshan,RU,46.2732,44.22,52.18,93,100,15.66,overcast clouds
553,Takoradi,GH,4.8845,-1.7554,77.77,86,79,8.37,light rain
554,Sioux Lookout,CA,50.1001,-91.917,53.98,81,90,6.91,overcast clouds
555,Honiara,SB,-9.4333,159.95,76.86,86,92,5.17,overcast clouds
556,Dhidhdhoo,MV,6.8833,73.1,82.18,78,100,20.98,overcast clouds
557,Belaya Gora,RU,68.5333,146.4167,32.58,81,99,15.01,overcast clouds
558,Wanning,CN,18.8003,110.3967,78.67,88,70,4.85,light rain
559,Kupang,ID,-10.1667,123.5833,76.75,78,50,8.86,scattered clouds
560,Houma,US,29.5958,-90.7195,80.01,54,1,12.66,clear sky
561,Matay,EG,28.419,30.7792,81.73,30,0,9.13,clear sky
562,Narasannapeta,IN,18.4167,84.05,80.04,83,100,2.95,overcast clouds
563,Barmer,IN,25.75,71.3833,86.41,64,81,7.81,broken clouds
564,Sawtell,AU,-30.3833,153.1,60.82,77,40,10.36,scattered clouds
565,Ratzeburg,DE,53.7,10.7667,65.64,89,0,0.0,clear sky
566,Egvekinot,RU,66.3167,-179.1667,17.64,78,30,1.88,scattered clouds
567,Vidnoye,RU,55.5524,37.7097,49.19,97,75,6.71,moderate rain
568,Puerto Asis,CO,0.5133,-76.5007,72.16,89,100,1.66,overcast clouds
569,Talnakh,RU,69.4865,88.3972,31.53,72,53,1.1,broken clouds
570,Arys,KZ,42.4252,68.795,68.22,15,0,4.83,clear sky
571,Erenhot,CN,43.6475,111.9767,66.13,59,12,17.78,few clouds
572,Cartagena,CO,10.3997,-75.5144,89.22,74,40,9.22,scattered clouds
573,Paramaribo,SR,5.8667,-55.1667,95.92,61,40,6.91,scattered clouds
574,Kabalo,CD,-6.05,26.9167,81.86,41,65,3.74,broken clouds
575,Kenora,CA,49.8167,-94.4337,58.17,54,40,10.36,scattered clouds
576,Le Pont-De-Claix,FR,45.1244,5.7064,72.48,82,54,2.57,broken clouds
577,Sabang,ID,5.8933,95.3214,82.56,74,99,16.67,overcast clouds
578,Half Moon Bay,US,37.4636,-122.4286,75.78,85,90,0.0,mist
579,Manzanillo,CU,20.3433,-77.1167,89.51,58,23,7.11,few clouds
580,Zdvinsk,RU,54.7021,78.661,35.64,80,94,11.12,overcast clouds
581,Kununurra,AU,-15.7667,128.7333,64.38,77,2,0.0,clear sky
582,Hambantota,LK,6.1241,81.1185,80.78,81,81,16.89,heavy intensity rain
583,Camana,PE,-16.6228,-72.7111,66.33,72,22,8.25,few clouds
584,Samarinda,ID,-0.5,117.15,73.31,98,100,1.74,overcast clouds
585,Dakar,SN,14.6937,-17.4441,82.53,83,40,0.0,scattered clouds
586,Porto-Vecchio,FR,41.591,9.2795,76.66,88,75,11.5,broken clouds
587,Matara,LK,5.9485,80.5353,79.34,87,76,9.95,moderate rain
588,Cayenne,GF,4.9333,-52.3333,91.44,61,88,4.0,overcast clouds
589,Los Algarrobos,PA,8.5,-82.4333,91.45,66,40,2.3,scattered clouds
590,Denpasar,ID,-8.65,115.2167,78.46,94,20,6.91,few clouds
591,Kalabo,ZM,-14.97,22.6814,77.86,14,14,6.13,few clouds
592,Tateyama,JP,34.9833,139.8667,71.1,70,100,14.47,heavy intensity rain
593,Port Augusta,AU,-32.5,137.7667,51.94,71,3,8.1,clear sky
594,Kaihua,CN,23.3687,104.28,62.31,98,27,3.62,scattered clouds
595,Laguna,US,38.421,-121.4238,92.64,56,1,5.75,smoke
596,Honningsvag,NO,70.9821,25.9704,44.13,80,100,9.89,overcast clouds
597,Tripoli,LY,32.8752,13.1875,82.4,62,0,22.41,clear sky
598,Weligama,LK,5.9667,80.4167,79.48,86,82,10.27,broken clouds
599,Phangnga,TH,8.4509,98.5298,77.04,94,99,2.64,overcast clouds
600,Carauari,BR,-4.8828,-66.8958,95.94,39,89,2.37,overcast clouds
601,Roswell,US,34.0232,-84.3616,76.84,60,75,1.01,broken clouds
602,Necochea,AR,-38.5473,-58.7368,66.04,65,0,19.26,clear sky
603,Sunland Park,US,31.7965,-106.58,81.88,44,20,8.01,few clouds
604,Maceio,BR,-9.6658,-35.7353,85.44,70,75,14.97,broken clouds
605,Ornskoldsvik,SE,63.2909,18.7153,51.62,76,13,10.36,few clouds
606,Kyshtovka,RU,56.555,76.6271,30.58,95,22,8.48,few clouds
607,Shingu,JP,33.7333,135.9833,70.93,91,86,7.99,overcast clouds
608,Kurchum,KZ,48.5722,83.6542,40.71,43,18,6.6,few clouds
609,Kot Kapura,IN,30.5833,74.9,80.69,65,28,2.91,scattered clouds
610,Priyutnoye,RU,46.1011,43.5072,55.4,82,100,12.12,overcast clouds
611,Alihe,CN,50.5667,123.7167,51.01,97,97,2.71,overcast clouds
612,Methoni,GR,36.8197,21.7049,75.22,64,0,9.62,clear sky
613,Scarborough,GB,54.2797,-0.4044,69.51,83,99,3.0,overcast clouds
614,Vilhena,BR,-12.7406,-60.1458,98.42,21,20,4.0,few clouds
615,Launceston,AU,-41.45,147.1667,36.16,81,3,1.01,clear sky
616,Zyryanka,RU,65.75,150.85,32.63,86,100,10.22,overcast clouds
617,Novikovo,RU,51.1537,37.8879,52.95,71,99,8.21,overcast clouds
618,Araouane,ML,18.9048,-3.5265,102.78,11,27,5.21,scattered clouds
619,Bima,ID,-8.4667,118.7167,74.59,88,63,3.8,broken clouds
620,Tibagi,BR,-24.5094,-50.4136,76.15,53,59,5.44,broken clouds
621,Pangai,TO,-19.8,-174.35,72.09,58,50,11.41,scattered clouds
622,Ushibuka,JP,32.1906,130.0228,73.29,78,92,5.68,overcast clouds
623,Williston,US,48.147,-103.618,75.94,22,5,11.54,clear sky
624,Yerbogachen,RU,61.2767,108.0108,36.73,89,68,9.62,broken clouds
625,Tautira,PF,-17.7333,-149.15,78.82,76,18,11.39,light rain
626,Iquique,CL,-20.2208,-70.1431,60.84,66,6,10.47,clear sky
627,Puerto Escondido,MX,15.85,-97.0667,86.43,66,48,6.17,scattered clouds
628,San Juan Bautista,PE,-14.0108,-75.7358,63.23,32,99,10.02,overcast clouds
629,Esperance,AU,-33.8667,121.9,57.04,84,86,23.33,light rain
630,Zaysan,KZ,47.4667,84.8667,38.26,34,0,2.44,clear sky
631,Boa Vista,BR,2.8197,-60.6733,91.38,43,75,8.05,broken clouds
632,Sao Gabriel Da Cachoeira,BR,-0.1303,-67.0892,85.8,66,20,3.44,few clouds
633,Kaiyuan,CN,23.6977,103.3037,62.98,94,22,2.75,few clouds
634,Urucara,BR,-2.5364,-57.76,98.2,30,76,4.68,broken clouds
635,Faanui,PF,-16.4833,-151.75,78.44,73,14,10.04,few clouds
636,Mangrol,IN,21.1167,70.1167,79.81,82,63,8.21,broken clouds
637,Saint-Georges,GD,12.0564,-61.7485,89.28,70,20,11.5,few clouds
638,Kudahuvadhoo,MV,2.6708,72.8944,81.91,79,91,15.66,overcast clouds
639,Swan Hill,AU,-35.3378,143.5544,35.67,93,1,7.45,clear sky
640,Sogod,PH,10.3847,124.9814,76.86,91,88,1.1,overcast clouds
641,Qaqortoq,GL,60.7167,-46.0333,43.3,64,0,11.54,clear sky
642,Gorontalo,ID,0.5412,123.0595,74.91,94,87,2.64,overcast clouds
643,Zavitinsk,RU,50.1167,129.45,46.8,79,25,3.62,scattered clouds
644,Banita,RO,45.45,23.2667,53.33,83,0,2.89,clear sky
645,Ibia,BR,-19.4783,-46.5389,89.91,17,99,6.22,overcast clouds
646,Mazatlan,MX,23.2167,-106.4167,87.91,79,22,3.0,few clouds
647,Lastoursville,GA,-0.8143,12.7287,76.87,81,69,2.24,broken clouds
648,Jumla,NP,29.2747,82.1838,60.33,90,72,1.39,broken clouds
649,Hella,NO,67.2,14.4333,46.89,85,20,11.5,few clouds
650,Primorskiy,RU,43.0983,131.5875,58.59,88,100,4.0,overcast clouds
651,Abbeville,FR,50.1,1.8333,70.29,57,63,4.81,broken clouds
652,Urubamba,PE,-13.3047,-72.1158,70.7,64,94,8.01,overcast clouds
653,Baykit,RU,61.67,96.37,30.42,84,58,4.16,broken clouds
654,Luwuk,ID,-0.9516,122.7875,75.54,89,60,4.97,broken clouds
655,Biltine,TD,14.5333,20.9167,91.85,14,100,3.11,overcast clouds
656,Nemuro,JP,43.3236,145.575,53.33,80,0,6.08,clear sky
657,Arlit,NE,18.7369,7.3853,97.16,6,1,7.0,clear sky
658,Yar-Sale,RU,66.8333,70.8333,34.43,82,14,7.9,few clouds
659,Ballina,AU,-28.8667,153.5667,62.56,88,75,6.91,broken clouds
660,Conde,BR,-7.2597,-34.9075,83.66,65,75,19.57,broken clouds
661,Northam,GB,51.0333,-4.2167,65.14,95,100,3.13,overcast clouds
662,Tarauaca,BR,-8.1614,-70.7656,92.84,41,61,1.43,broken clouds
663,Marzuq,YE,14.4,46.4667,79.88,47,6,6.04,clear sky
664,Dubasari,MD,47.2631,29.1608,64.29,65,37,5.86,scattered clouds
665,Cockburn Town,TC,21.4612,-71.1419,87.76,58,40,8.05,scattered clouds
666,Jaciara,BR,-15.9653,-54.9683,105.94,15,4,1.39,clear sky
667,Okha,RU,53.5739,142.9478,48.9,83,60,7.25,broken clouds
668,Xai-Xai,MZ,-25.0519,33.6442,67.78,84,0,10.33,clear sky
669,Majene,ID,-3.5403,118.9707,77.0,87,71,6.22,broken clouds
670,Haines Junction,CA,60.7522,-137.5108,31.95,86,98,1.14,overcast clouds
671,Hami,CN,42.8,93.45,58.33,18,1,12.64,clear sky
672,Bushehr,IR,28.9684,50.8385,93.29,52,0,18.41,clear sky
673,Stornoway,GB,58.2093,-6.3865,58.96,82,90,21.85,overcast clouds
674,Itaituba,BR,-4.2761,-55.9836,95.16,52,40,3.6,scattered clouds
675,Pskov,RU,57.8136,28.3496,51.71,82,75,6.71,broken clouds
676,Corinth,GR,37.9407,22.9573,76.75,55,0,2.39,clear sky
677,Gat,IL,31.61,34.7642,77.68,36,0,13.8,clear sky
678,Bandarbeyla,SO,9.4942,50.8122,78.94,80,36,23.24,scattered clouds
679,Bonavista,CA,48.6499,-53.1147,60.8,63,86,10.18,overcast clouds
680,Volosovo,RU,59.4333,29.4833,48.76,95,100,8.1,overcast clouds
681,Gornopravdinsk,RU,60.05,69.9,30.04,95,8,4.34,clear sky
682,Atbasar,KZ,51.8,68.3333,47.07,34,13,7.94,few clouds
683,Boca Do Acre,BR,-8.7522,-67.3978,97.68,31,27,2.19,scattered clouds
684,Labrea,BR,-7.2586,-64.7981,97.03,34,50,1.9,scattered clouds
685,Mount Isa,AU,-20.7333,139.5,69.57,14,0,8.05,clear sky
686,General Roca,AR,-39.0333,-67.5833,84.6,9,41,26.31,scattered clouds
687,Rudbar,AF,30.15,62.6,84.69,9,0,4.23,clear sky
688,Inverell,AU,-29.7833,151.1167,51.15,45,83,4.0,broken clouds
689,Kholtoson,RU,50.2981,103.3097,26.37,99,100,2.91,overcast clouds
690,Hovd,MN,48.0056,91.6419,40.28,36,23,4.45,few clouds
691,Manavalakurichi,IN,8.1333,77.3,82.49,84,98,15.41,overcast clouds
692,Iralaya,HN,15.0,-83.2333,86.09,82,100,9.8,overcast clouds
693,Sinjar,IQ,36.3209,41.8754,74.08,15,0,10.54,clear sky
